City_ID,City,Country,Date,Lat,Lng,Max Temp,Humidity,Cloudiness,Wind Speed
0,Hermanus,ZA,2021-11-11 18:25:36,-34.4187,19.2345,68.9,79,38,12.64
1,Iqaluit,CA,2021-11-11 18:25:37,63.7506,-68.5145,10.13,72,40,3.0
2,Kapaa,US,2021-11-11 18:25:37,22.0752,-159.319,73.72,82,40,4.61
3,Esperance,AU,2021-11-11 18:25:37,-33.8667,121.9,51.64,61,90,15.37
4,Concepcion Del Uruguay,AR,2021-11-11 18:25:38,-32.4825,-58.2372,81.99,35,1,8.01
5,Victoria,HK,2021-11-11 18:25:38,22.2855,114.1577,72.32,55,98,3.0
6,Yellowknife,CA,2021-11-11 18:25:38,62.456,-114.3525,32.41,89,90,12.66
7,Ushuaia,AR,2021-11-11 18:25:39,-54.8,-68.3,58.66,44,40,14.97
8,Paka,MY,2021-11-11 18:25:39,4.6374,103.4368,76.93,94,100,0.0
9,Pulivendla,IN,2021-11-11 18:25:40,14.4167,78.2333,67.05,94,100,9.89
10,Kaeo,NZ,2021-11-11 18:25:40,-35.1,173.7833,61.32,95,100,2.93
11,Bredasdorp,ZA,2021-11-11 18:25:40,-34.5322,20.0403,64.27,82,61,8.05
12,Souillac,MU,2021-11-11 18:25:40,-20.5167,57.5167,76.35,78,75,4.61
13,Doka,SD,2021-11-11 18:25:41,13.5167,35.7667,84.07,30,15,4.47
14,Broome,US,2021-11-11 18:25:41,42.2506,-75.833,57.7,47,1,3.0
15,Bethel,US,2021-11-11 18:23:03,41.3712,-73.414,59.58,55,75,1.99
16,Lisakovsk,KZ,2021-11-11 18:25:41,52.5369,62.4936,26.31,72,99,8.57
17,Jiazi,CN,2021-11-11 18:25:42,22.8779,116.067,66.07,67,54,10.89
18,Bluff,NZ,2021-11-11 18:25:42,-46.6,168.3333,59.81,80,100,10.36
19,Sangre Grande,TT,2021-11-11 18:25:42,10.5835,-61.1177,87.19,71,20,8.46
20,Kasongo-Lunda,CD,2021-11-11 18:25:43,-6.4667,16.8167,72.93,96,89,3.53
21,Busselton,AU,2021-11-11 18:25:43,-33.65,115.3333,51.04,83,36,11.88
22,Earlston,GB,2021-11-11 18:25:43,55.6386,-2.675,50.86,87,99,6.42
23,Chokurdakh,RU,2021-11-11 18:25:43,70.6333,147.9167,-2.07,99,98,1.77
24,Vaini,TO,2021-11-11 18:25:44,-21.2,-175.2,75.36,88,75,6.91
25,Kaitangata,NZ,2021-11-11 18:25:44,-46.2817,169.8464,55.06,96,99,5.3
26,Punta Arenas,CL,2021-11-11 18:22:32,-53.15,-70.9167,59.11,33,0,23.02
27,Viedma,AR,2021-11-11 18:25:44,-40.8135,-62.9967,81.59,37,100,15.59
28,Sitka,US,2021-11-11 18:25:45,57.0531,-135.33,46.29,49,75,16.11
29,Brigantine,US,2021-11-11 18:25:45,39.4101,-74.3646,66.47,71,1,13.8
30,Khatanga,RU,2021-11-11 18:25:45,71.9667,102.5,-26.3,100,74,5.3
31,Jamestown,US,2021-11-11 18:24:46,42.097,-79.2353,63.34,51,1,10.36
32,Vardo,NO,2021-11-11 18:25:46,70.3705,31.1107,35.58,80,75,21.85
33,Richards Bay,ZA,2021-11-11 18:25:46,-28.783,32.0377,69.85,90,81,3.13
34,Saint-Philippe,RE,2021-11-11 18:25:46,-21.3585,55.7679,74.79,79,65,5.68
35,Samana,DO,2021-11-11 18:25:46,19.2056,-69.3369,84.42,79,40,6.91
36,Gejiu,CN,2021-11-11 18:25:47,23.306,103.1635,47.53,96,73,4.43
37,Rikitea,PF,2021-11-11 18:25:47,-23.1203,-134.9692,73.44,75,74,2.89
38,Saskylakh,RU,2021-11-11 18:25:47,71.9167,114.0833,-25.62,100,43,4.52
39,Plettenberg Bay,ZA,2021-11-11 18:25:48,-34.0527,23.3716,63.7,90,76,12.68
40,Klaksvik,FO,2021-11-11 18:25:48,62.2266,-6.589,41.5,66,100,16.08
41,Laguna,US,2021-11-11 18:24:15,38.421,-121.4238,71.13,99,90,0.0
42,Cherskiy,RU,2021-11-11 18:25:48,68.75,161.3,7.95,82,100,4.56
43,San Patricio,US,2021-11-11 18:25:49,28.017,-97.5169,86.88,59,9,9.64
44,Rosetta,EG,2021-11-11 18:26:49,31.4044,30.4164,71.42,61,100,10.07
45,Batagay-Alyta,RU,2021-11-11 18:26:49,67.8006,130.4114,-5.37,85,100,3.04
46,Curitibanos,BR,2021-11-11 18:26:49,-27.2828,-50.5844,59.07,80,100,5.53
47,Rio Grande,BR,2021-11-11 18:26:06,-32.035,-52.0986,73.51,60,72,15.17
48,Carnarvon,AU,2021-11-11 18:26:50,-24.8667,113.6333,66.27,68,2,12.66
49,Betsiamites,CA,2021-11-11 18:26:50,48.9413,-68.646,42.89,43,5,6.51
50,Valparaiso,CL,2021-11-11 18:26:50,-33.0393,-71.6273,70.03,65,0,6.91
51,Ponta Do Sol,PT,2021-11-11 18:26:51,32.6667,-17.1,71.71,71,51,4.99
52,Golden,US,2021-11-11 18:25:29,39.7555,-105.2211,55.98,28,20,8.99
53,Ahipara,NZ,2021-11-11 18:26:51,-35.1667,173.1667,61.23,97,100,4.38
54,New Norfolk,AU,2021-11-11 18:26:51,-42.7826,147.0587,49.5,73,79,2.21
55,Along,IN,2021-11-11 18:26:52,28.1667,94.7667,56.8,76,11,1.83
56,Bentiu,SS,2021-11-11 18:26:52,9.2333,29.8333,79.77,64,100,5.28
57,Balkhash,KZ,2021-11-11 18:26:52,46.844,74.9804,38.91,60,38,7.14
58,Haines Junction,CA,2021-11-11 18:26:52,60.7522,-137.5108,-2.25,84,87,1.14
59,Mandera,KE,2021-11-11 18:26:53,3.9366,41.867,91.85,32,99,5.61
60,Ketchikan,US,2021-11-11 18:26:53,55.3422,-131.6461,43.27,81,90,10.36
61,Chuguyevka,RU,2021-11-11 18:26:53,44.1653,133.8633,26.26,84,100,7.83
62,Galle,LK,2021-11-11 18:26:54,6.0367,80.217,79.38,85,48,16.2
63,Shiraz,IR,2021-11-11 18:26:54,29.6036,52.5388,56.64,38,20,0.0
64,Mataura,NZ,2021-11-11 18:26:54,-46.1927,168.8643,56.68,89,100,3.47
65,Los Llanos De Aridane,ES,2021-11-11 18:26:55,28.6585,-17.9182,67.75,79,75,6.91
66,Komsomolskiy,UZ,2021-11-11 18:26:55,40.4272,71.7189,44.02,65,4,4.61
67,Grindavik,IS,2021-11-11 18:26:55,63.8424,-22.4338,39.67,81,75,16.11
68,Kruisfontein,ZA,2021-11-11 18:26:55,-34.0033,24.7314,63.88,84,99,13.65
69,Florencia,IT,2021-11-11 18:23:39,43.7667,11.25,62.24,75,0,3.44
70,Kaseda,JP,2021-11-11 18:26:56,31.4167,130.3167,62.76,56,90,25.23
71,Sechura,PE,2021-11-11 18:26:56,-5.5569,-80.8222,75.52,57,65,16.15
72,Castro,BR,2021-11-11 18:26:56,-24.7911,-50.0119,59.92,92,100,9.6
73,Atuona,PF,2021-11-11 18:26:57,-9.8,-139.0333,77.36,75,21,9.57
74,Hobart,AU,2021-11-11 18:21:57,-42.8794,147.3294,49.86,77,90,10.36
75,Klobuck,PL,2021-11-11 18:26:57,50.9008,18.9367,41.67,74,74,6.29
76,Lagoa,PT,2021-11-11 18:26:57,39.05,-27.9833,67.82,83,90,11.97
77,Sholapur,IN,2021-11-11 18:26:58,17.6833,75.9167,71.62,48,100,8.97
78,Tasiilaq,GL,2021-11-11 18:26:58,65.6145,-37.6368,30.36,96,100,14.18
79,Yevlax,AZ,2021-11-11 18:26:58,40.6089,47.1492,44.82,79,100,11.18
80,Port Alfred,ZA,2021-11-11 18:26:59,-33.5906,26.891,65.75,83,100,17.13
81,Poum,NC,2021-11-11 18:26:59,-20.2333,164.0167,77.99,84,21,13.87
82,Thompson,CA,2021-11-11 18:26:59,55.7435,-97.8558,12.36,73,75,12.66
83,Nouadhibou,MR,2021-11-11 18:26:59,20.931,-17.0347,73.38,60,0,6.91
84,Avarua,CK,2021-11-11 18:27:00,-21.2078,-159.775,75.25,73,99,8.05
85,Narsaq,GL,2021-11-11 18:27:00,60.9167,-46.05,25.02,62,100,3.76
86,San Quintin,MX,2021-11-11 18:27:00,30.4833,-115.95,75.85,44,0,4.18
87,Tuktoyaktuk,CA,2021-11-11 18:27:00,69.4541,-133.0374,12.2,85,90,9.22
88,Menongue,AO,2021-11-11 18:27:01,-14.6585,17.691,73.24,48,80,4.18
89,Dhadar,IN,2021-11-11 18:27:01,28.3305,75.0632,72.75,21,23,5.06
90,Puerto Ayora,EC,2021-11-11 18:28:01,-0.7393,-90.3518,75.16,86,89,5.99
91,Sao Joao Da Barra,BR,2021-11-11 18:28:02,-21.6403,-41.0511,73.49,89,100,11.72
92,Upernavik,GL,2021-11-11 18:28:02,72.7868,-56.1549,18.88,64,100,17.67
93,Sioux Lookout,CA,2021-11-11 18:24:58,50.1001,-91.917,30.58,93,90,11.5
94,Amambai,BR,2021-11-11 18:28:02,-23.1042,-55.2258,79.7,64,100,8.28
95,Nikolskoye,RU,2021-11-11 18:28:03,59.7035,30.7861,41.88,88,96,8.39
96,Sao Filipe,CV,2021-11-11 18:28:03,14.8961,-24.4956,76.98,74,12,8.7
97,Guerrero Negro,MX,2021-11-11 18:28:03,27.9769,-114.0611,77.41,37,0,4.81
98,Fort Wellington,GY,2021-11-11 18:28:03,6.4,-57.6,84.07,63,6,8.61
99,Arraial Do Cabo,BR,2021-11-11 18:28:04,-22.9661,-42.0278,73.26,68,90,5.75
100,Provideniya,RU,2021-11-11 18:28:04,64.3833,-173.3,13.26,90,91,6.76
101,Locri,IT,2021-11-11 18:28:04,38.2414,16.2623,68.56,85,100,6.06
102,Ancud,CL,2021-11-11 18:28:04,-41.8697,-73.8203,58.53,71,100,6.35
103,Oudtshoorn,ZA,2021-11-11 18:28:05,-33.5907,22.2014,61.16,77,16,7.27
104,Ugoofaaru,MV,2021-11-11 18:28:05,5.6667,73.0,82.26,77,5,18.63
105,Georgetown,MY,2021-11-11 18:28:05,5.4112,100.3354,79.95,89,20,1.99
106,Tsiroanomandidy,MG,2021-11-11 18:28:06,-18.7667,46.0333,75.49,66,100,6.64
107,Ribeira Grande,PT,2021-11-11 18:28:06,38.5167,-28.7,70.2,88,40,11.5
108,Kodiak,US,2021-11-11 18:28:06,57.79,-152.4072,29.71,80,90,5.75
109,Pevek,RU,2021-11-11 18:28:06,69.7008,170.3133,-4.27,98,83,6.44
110,Lebu,CL,2021-11-11 18:28:07,-37.6167,-73.65,59.56,76,100,6.62
111,Olafsvik,IS,2021-11-11 18:28:07,64.8945,-23.7142,36.28,97,93,11.52
112,Delijan,IR,2021-11-11 18:28:07,33.9905,50.6838,45.72,62,100,5.66
113,Hvide Sande,DK,2021-11-11 18:28:08,56.0045,8.1294,50.29,72,100,14.83
114,Kathu,TH,2021-11-11 18:28:08,7.9178,98.3332,82.69,97,100,7.0
115,Vuktyl,RU,2021-11-11 18:28:08,63.8567,57.3094,24.33,94,100,9.75
116,Westport,US,2021-11-11 18:28:08,41.1415,-73.3579,61.09,64,1,1.99
117,Oxapampa,PE,2021-11-11 18:28:09,-10.5775,-75.4017,68.92,85,88,3.49
118,Parry Sound,CA,2021-11-11 18:28:09,45.3501,-80.033,49.21,49,100,17.9
119,Ayolas,PY,2021-11-11 18:28:09,-27.4,-56.9,89.83,36,1,8.37
120,Saint-Augustin,CA,2021-11-11 18:28:09,51.226,-58.6502,35.96,72,100,14.43
121,Mahebourg,MU,2021-11-11 18:28:10,-20.4081,57.7,76.24,78,75,4.61
122,Moita Bonita,BR,2021-11-11 18:28:10,-10.5775,-37.3428,81.57,46,45,15.3
123,Saldanha,ZA,2021-11-11 18:28:10,-33.0117,17.9442,64.45,89,5,19.1
124,Kampot,KH,2021-11-11 18:28:11,10.6167,104.1833,78.85,95,100,7.25
125,Belfast,GB,2021-11-11 18:28:11,54.5833,-5.9333,55.22,86,75,25.32
126,Airai,TL,2021-11-11 18:28:11,-8.9266,125.4092,62.6,93,96,1.23
127,Hamilton,US,2021-11-11 18:28:11,39.1834,-84.5333,70.03,72,75,1.01
128,Hay River,CA,2021-11-11 18:28:12,60.8156,-115.7999,24.78,86,75,10.36
129,Cape Town,ZA,2021-11-11 18:27:45,-33.9258,18.4232,66.09,76,20,5.01
130,Mar Del Plata,AR,2021-11-11 18:23:29,-38.0023,-57.5575,66.22,84,0,28.99
131,Kahului,US,2021-11-11 18:28:09,20.8947,-156.47,79.84,70,20,0.0
132,Araouane,ML,2021-11-11 18:28:12,18.9048,-3.5265,77.23,9,100,10.76
133,Athabasca,CA,2021-11-11 18:28:12,54.7169,-113.2854,24.62,65,8,3.18
134,Benguela,AO,2021-11-11 18:28:13,-12.5763,13.4055,78.76,79,68,6.58
135,Vestmannaeyjar,IS,2021-11-11 18:29:13,63.4427,-20.2734,40.19,81,20,32.21
136,Saint-Leu,RE,2021-11-11 18:29:13,-21.15,55.2833,74.26,92,72,4.68
137,Dwarka,IN,2021-11-11 18:29:14,22.2394,68.9678,80.76,42,26,8.79
138,Pitsunda,GE,2021-11-11 18:29:14,43.1592,40.3378,46.58,65,24,4.94
139,Flin Flon,CA,2021-11-11 18:29:14,54.7682,-101.865,22.84,74,90,12.66
140,Aklavik,CA,2021-11-11 18:29:14,68.2191,-135.0107,11.23,98,95,3.65
141,Albany,US,2021-11-11 18:26:03,42.6001,-73.9662,57.81,43,84,3.0
142,Portland,US,2021-11-11 18:27:31,45.5234,-122.6762,60.6,95,90,1.99
143,Takoradi,GH,2021-11-11 18:29:15,4.8845,-1.7554,79.83,86,64,7.92
144,East London,ZA,2021-11-11 18:29:15,-33.0153,27.9116,67.14,88,40,9.22
145,Pemangkat,ID,2021-11-11 18:29:15,1.1667,108.9667,79.25,80,100,8.23
146,Hasaki,JP,2021-11-11 18:29:16,35.7333,140.8333,45.0,54,27,14.0
147,Sollies-Pont,FR,2021-11-11 18:29:16,43.1898,6.0432,64.0,79,0,4.0
148,Quatre Cocos,MU,2021-11-11 18:29:16,-20.2078,57.7625,76.08,75,30,5.88
149,Shimoda,JP,2021-11-11 18:29:16,34.6667,138.95,55.11,57,6,16.58
150,Sehithwa,BW,2021-11-11 18:29:17,-20.4667,22.7167,84.54,30,95,14.32
151,Alofi,NU,2021-11-11 18:29:17,-19.0595,-169.9187,75.09,94,100,4.61
152,Clyde River,CA,2021-11-11 18:29:17,70.4692,-68.5914,3.43,60,96,20.71
153,Reggello,IT,2021-11-11 18:29:18,43.6801,11.5293,58.8,77,100,4.12
154,Payakumbuh,ID,2021-11-11 18:29:18,-0.2202,100.6308,70.41,99,100,1.43
155,Kungurtug,RU,2021-11-11 18:29:18,50.5994,97.5228,9.77,86,14,1.66
156,Caconda,AO,2021-11-11 18:29:18,-13.7333,15.0667,66.27,67,95,1.32
157,Sibiti,CG,2021-11-11 18:29:19,-3.6819,13.3499,71.55,96,85,3.15
158,Yaring,TH,2021-11-11 18:29:19,6.8662,101.3689,76.68,89,100,5.37
159,Plastun,RU,2021-11-11 18:29:19,44.7561,136.2939,32.97,72,100,8.1
160,Hollola,FI,2021-11-11 18:29:20,61.05,25.4333,40.01,84,100,9.48
161,Singida,TZ,2021-11-11 18:29:20,-4.8167,34.75,75.2,30,49,9.46
162,Markova,UA,2021-11-11 18:29:20,48.6758,24.4138,27.99,44,63,4.54
163,Tabuk,PH,2021-11-11 18:29:21,17.4189,121.4443,72.91,95,91,1.66
164,Butaritari,KI,2021-11-11 18:29:21,3.0707,172.7902,82.63,72,45,15.12
165,Severo-Kurilsk,RU,2021-11-11 18:29:21,50.6789,156.125,43.23,97,99,8.66
166,Porto Novo,BJ,2021-11-11 18:28:47,6.4965,2.6036,84.02,85,91,5.88
167,Celestun,MX,2021-11-11 18:29:21,20.8667,-90.4,81.7,53,2,5.57
168,Shelburne,CA,2021-11-11 18:29:22,44.0787,-80.2041,50.49,69,100,16.22
169,Ulladulla,AU,2021-11-11 18:29:22,-35.35,150.4667,54.88,92,100,6.51
170,Geraldton,AU,2021-11-11 18:29:22,-28.7667,114.6,50.41,93,2,2.3
171,Half Moon Bay,US,2021-11-11 18:29:22,37.4636,-122.4286,69.04,69,1,0.0
172,Phalaborwa,ZA,2021-11-11 18:29:23,-23.943,31.1411,74.48,52,68,14.83
173,Le Port,RE,2021-11-11 18:29:23,-20.9373,55.2919,75.2,92,34,2.24
174,Port Hardy,CA,2021-11-11 18:29:23,50.6996,-127.4199,48.2,81,75,28.77
175,San Policarpo,PH,2021-11-11 18:29:24,12.1791,125.5072,81.14,84,100,11.83
176,Necochea,AR,2021-11-11 18:29:24,-38.5473,-58.7368,79.84,41,18,14.0
177,Touros,BR,2021-11-11 18:29:24,-5.1989,-35.4608,88.7,63,42,16.78
178,Urusha,RU,2021-11-11 18:29:25,54.05,122.9,18.39,73,54,2.06
179,Sorong,ID,2021-11-11 18:29:25,-0.8833,131.25,79.03,84,99,3.04
180,Prince Albert,CA,2021-11-11 18:29:25,53.2001,-105.7677,24.75,80,90,12.66
181,Cururupu,BR,2021-11-11 18:29:26,-1.8283,-44.8683,88.72,49,22,8.37
182,Natchez,US,2021-11-11 18:29:26,31.5604,-91.4032,63.84,85,90,6.91
183,Tilichiki,RU,2021-11-11 18:30:26,60.4667,166.1,29.64,95,100,8.28
184,Miramar,US,2021-11-11 18:30:27,25.9873,-80.2323,83.01,73,75,11.5
185,Lorengau,PG,2021-11-11 18:30:27,-2.0226,147.2712,81.14,72,93,3.62
186,Nyagan,RU,2021-11-11 18:30:27,62.1406,65.3936,20.86,92,100,11.52
187,Port Macquarie,AU,2021-11-11 18:30:28,-31.4333,152.9167,67.96,100,90,3.44
188,Aktash,RU,2021-11-11 18:30:28,50.3,87.7333,9.86,61,100,4.12
189,Morant Bay,JM,2021-11-11 18:30:28,17.8815,-76.4093,85.62,74,82,11.23
190,Redwater,US,2021-11-11 18:30:28,33.3582,-94.2544,66.81,62,72,9.66
191,Lompoc,US,2021-11-11 18:30:29,34.6391,-120.4579,83.41,56,1,0.0
192,Renqiu,CN,2021-11-11 18:30:29,38.6989,116.0936,40.48,59,0,4.27
193,Ust-Kut,RU,2021-11-11 18:30:29,56.7938,105.7672,29.05,97,100,3.94
194,Zabol,AF,2021-11-11 18:30:30,32.25,67.25,42.67,33,0,6.02
195,Cabo San Lucas,MX,2021-11-11 18:30:30,22.8909,-109.9124,87.62,61,1,1.01
196,Barcelos,PT,2021-11-11 18:29:32,41.5388,-8.6151,57.92,83,0,4.21
197,Alta Floresta,BR,2021-11-11 18:30:30,-9.8756,-56.0861,78.62,83,75,9.22
198,Rawson,AR,2021-11-11 18:30:31,-43.3002,-65.1023,66.18,35,100,13.91
199,Totness,SR,2021-11-11 18:30:31,5.8833,-56.3167,81.09,77,56,9.37
200,Beruwala,LK,2021-11-11 18:30:31,6.4788,79.9828,79.29,86,71,13.78
201,Norman Wells,CA,2021-11-11 18:30:31,65.282,-126.8329,6.84,85,75,6.91
202,Soyo,AO,2021-11-11 18:30:32,-6.1349,12.3689,77.92,82,91,9.75
203,Barrow,US,2021-11-11 18:30:32,71.2906,-156.7887,17.62,79,90,13.8
204,Saint George,US,2021-11-11 18:30:32,37.1041,-113.5841,68.47,35,1,1.01
205,Fairbanks,US,2021-11-11 18:30:32,64.8378,-147.7164,-1.39,79,40,0.0
206,Tiksi,RU,2021-11-11 18:30:07,71.6872,128.8694,-13.56,100,59,6.8
207,Ostrovnoy,RU,2021-11-11 18:30:33,68.0531,39.5131,31.89,93,100,15.79
208,Fasa,IR,2021-11-11 18:30:33,28.9383,53.6482,54.64,38,0,6.91
209,Qaanaaq,GL,2021-11-11 18:30:33,77.484,-69.3632,-6.74,62,14,7.96
210,Lavrentiya,RU,2021-11-11 18:30:33,65.5833,-171.0,8.47,90,37,7.16
211,Tutoia,BR,2021-11-11 18:30:34,-2.7619,-42.2744,87.78,70,7,11.79
212,Palauig,PH,2021-11-11 18:30:34,15.435,119.9045,80.15,70,18,3.89
213,Roald,NO,2021-11-11 18:30:34,62.5833,6.1333,45.91,76,75,11.5
214,San Cristobal,VE,2021-11-11 18:30:35,7.7669,-72.225,77.18,46,98,4.76
215,Brokopondo,SR,2021-11-11 18:30:35,4.75,-55.1667,81.95,81,81,8.3
216,Aylmer,CA,2021-11-11 18:30:35,42.7668,-80.983,64.51,61,100,16.84
217,Sorland,NO,2021-11-11 18:30:35,67.667,12.6934,44.46,70,100,17.94
218,Cidreira,BR,2021-11-11 18:30:36,-30.1811,-50.2056,67.12,62,91,14.38
219,Vila,PT,2021-11-11 18:30:36,42.0304,-8.1588,47.34,84,6,2.13
220,Plouzane,FR,2021-11-11 18:30:36,48.3833,-4.6167,50.05,90,75,6.91
221,Smithers,CA,2021-11-11 18:29:18,54.7804,-127.1743,32.32,93,90,5.75
222,Pangnirtung,CA,2021-11-11 18:30:36,66.1451,-65.7125,15.8,73,90,8.05
223,Kiruna,SE,2021-11-11 18:30:37,67.8557,20.2251,25.72,93,90,0.0
224,Dingle,PH,2021-11-11 18:30:37,10.9995,122.6711,76.17,94,100,7.99
225,Grand Gaube,MU,2021-11-11 18:30:37,-20.0064,57.6608,76.37,73,56,1.99
226,Zhangye,CN,2021-11-11 18:30:38,38.9342,100.4517,29.28,27,0,6.98
227,Skjervoy,NO,2021-11-11 18:30:38,70.0311,20.9714,37.58,84,100,11.9
228,Mildura,AU,2021-11-11 18:28:37,-34.2,142.15,49.96,100,90,9.22
229,Bathsheba,BB,2021-11-11 18:30:38,13.2167,-59.5167,79.41,78,75,21.85
230,Tokur,RU,2021-11-11 18:30:38,53.1333,132.9,10.69,98,98,1.77
231,Srednekolymsk,RU,2021-11-11 18:31:39,67.45,153.6833,8.15,89,100,2.68
232,Pradopolis,BR,2021-11-11 18:31:39,-21.3594,-48.0656,80.78,85,100,4.99
233,Dikson,RU,2021-11-11 18:31:39,73.5069,80.5464,3.97,90,100,21.65
234,Nara,JP,2021-11-11 18:31:40,34.6851,135.8049,49.98,80,71,1.05
235,Evensk,RU,2021-11-11 18:31:40,61.95,159.2333,20.46,86,100,5.53
236,Isangel,VU,2021-11-11 18:31:40,-19.55,169.2667,73.51,88,77,4.61
237,Waingapu,ID,2021-11-11 18:31:41,-9.6567,120.2641,79.9,84,100,5.3
238,Melivoia,GR,2021-11-11 18:31:41,39.75,22.8,45.45,59,100,2.82
239,Kirksville,US,2021-11-11 18:31:41,40.1948,-92.5833,52.12,54,1,3.0
240,Clarksville,US,2021-11-11 18:29:16,36.5298,-87.3595,61.68,91,90,6.91
241,Provo,US,2021-11-11 18:30:26,40.2338,-111.6585,52.03,66,75,4.61
242,Sao Luiz Gonzaga,BR,2021-11-11 18:31:42,-28.4083,-54.9608,84.78,40,7,11.39
243,Khani,GE,2021-11-11 18:31:42,41.9563,42.9566,29.77,83,17,4.21
244,Camana,PE,2021-11-11 18:31:42,-16.6228,-72.7111,68.65,73,62,8.23
245,Chuzhou,CN,2021-11-11 18:31:43,32.3219,118.2978,48.15,49,100,1.63
246,Salalah,OM,2021-11-11 18:31:43,17.0151,54.0924,78.89,50,0,4.61
247,Nordenham,DE,2021-11-11 18:31:44,53.5,8.4833,51.06,98,100,6.29
248,Kurchum,KZ,2021-11-11 18:31:44,48.5722,83.6542,25.11,64,56,4.25
249,Katsuura,JP,2021-11-11 18:31:44,35.1333,140.3,63.19,55,9,20.24
250,Dong Hoi,VN,2021-11-11 18:31:45,17.4833,106.6,70.11,85,100,7.9
251,Hilo,US,2021-11-11 18:30:09,19.7297,-155.09,78.62,70,90,10.36
252,Finschhafen,PG,2021-11-11 18:31:45,-6.6024,147.8681,80.17,78,100,5.86
253,Garissa,KE,2021-11-11 18:31:45,-0.4536,39.6401,84.2,56,62,19.1
254,Leshukonskoye,RU,2021-11-11 18:31:45,64.8989,45.7622,33.06,96,100,6.89
255,Port Elizabeth,ZA,2021-11-11 18:31:46,-33.918,25.5701,66.09,82,40,13.8
256,Santa Luzia,BR,2021-11-11 18:31:16,-19.7697,-43.8514,68.34,94,90,4.61
257,Aksu,CN,2021-11-11 18:31:46,41.1231,80.2644,32.05,36,0,3.0
258,Chuy,UY,2021-11-11 18:31:14,-33.6971,-53.4616,65.48,53,6,14.12
259,Tepango,MX,2021-11-11 18:31:46,20.0,-97.8167,69.75,58,74,7.81
260,Uthal,PK,2021-11-11 18:31:47,25.8072,66.6219,78.13,30,2,5.23
261,Saint-Francois,FR,2021-11-11 18:31:47,46.4154,3.9054,42.24,88,71,6.91
262,Buriti Alegre,BR,2021-11-11 18:31:47,-18.14,-49.0403,67.95,97,100,4.27
263,Campos Novos,BR,2021-11-11 18:31:47,-27.4017,-51.225,64.04,71,84,8.3
264,Irmo,US,2021-11-11 18:31:48,34.086,-81.1832,77.23,61,75,3.44
265,Conceicao Do Araguaia,BR,2021-11-11 18:31:48,-8.2578,-49.2647,88.39,58,73,4.12
266,Itarema,BR,2021-11-11 18:27:03,-2.9248,-39.9167,87.08,59,2,16.6
267,Durban,ZA,2021-11-11 18:31:17,-29.8579,31.0292,70.02,84,100,1.99
268,Gorontalo,ID,2021-11-11 18:31:48,0.5412,123.0595,75.54,95,100,3.13
269,Katete,UG,2021-11-11 18:31:49,-0.7818,29.7544,63.07,94,100,1.03
270,Carutapera,BR,2021-11-11 18:31:49,-1.195,-46.02,86.0,63,11,10.69
271,Meulaboh,ID,2021-11-11 18:31:18,4.1363,96.1285,76.26,87,100,4.25
272,Natal,BR,2021-11-11 18:30:11,-5.795,-35.2094,88.45,70,75,17.27
273,Avera,US,2021-11-11 18:31:50,33.194,-82.5271,76.51,58,48,13.11
274,Boende,CD,2021-11-11 18:31:50,-0.2167,20.8667,71.47,86,100,1.14
275,Olga,RU,2021-11-11 18:31:50,43.7444,135.2892,33.44,59,100,9.53
276,Brae,GB,2021-11-11 18:31:50,60.3964,-1.353,44.51,73,100,8.63
277,Bilibino,RU,2021-11-11 18:31:51,68.0546,166.4372,6.87,84,100,2.1
278,Kavieng,PG,2021-11-11 18:32:51,-2.5744,150.7967,81.0,80,100,6.91
279,Kaoma,ZM,2021-11-11 18:32:52,-14.7833,24.8,69.37,71,23,11.43
280,Muli,MV,2021-11-11 18:32:52,2.9167,73.5667,82.67,79,8,20.6
281,Mount Isa,AU,2021-11-11 18:32:53,-20.7333,139.5,67.77,68,90,16.11
282,Padang,ID,2021-11-11 18:32:53,-0.9492,100.3543,77.5,83,100,2.89
283,Oktyabrskiy,RU,2021-11-11 18:32:53,54.4815,53.471,26.44,91,100,15.86
284,Bonavista,CA,2021-11-11 18:32:53,48.6499,-53.1147,39.11,86,100,20.45
285,Coahuayana,MX,2021-11-11 18:32:54,18.7333,-103.6833,89.08,54,35,6.93
286,Maningrida,AU,2021-11-11 18:32:54,-12.0667,134.2667,82.89,75,100,5.61
287,San-Pedro,CI,2021-11-11 18:32:55,4.7485,-6.6363,78.3,89,100,6.04
288,Tibagi,BR,2021-11-11 18:32:55,-24.5094,-50.4136,64.65,86,99,6.33
289,Fortuna,US,2021-11-11 18:32:55,40.5982,-124.1573,65.91,84,1,0.0
290,Ponta Pora,BR,2021-11-11 18:32:56,-22.5361,-55.7256,78.71,69,75,11.5
291,Mount Gambier,AU,2021-11-11 18:32:56,-37.8333,140.7667,49.91,76,90,13.8
292,Kupang,ID,2021-11-11 18:32:56,-10.1667,123.5833,79.57,84,100,2.86
293,Siniscola,IT,2021-11-11 18:32:57,40.5719,9.6922,56.75,89,100,8.08
294,Aripuana,BR,2021-11-11 18:32:57,-9.1667,-60.6333,75.0,95,100,1.39
295,Naze,JP,2021-11-11 18:32:57,28.3667,129.4833,61.36,60,5,14.07
296,Kattivakkam,IN,2021-11-11 18:32:57,13.2167,80.3167,77.09,94,88,11.39
297,Richmond,US,2021-11-11 18:29:39,37.5538,-77.4603,71.96,59,75,3.0
298,Amapa,BR,2021-11-11 18:32:58,1.0,-52.0,88.27,47,96,2.64
299,Wattegama,LK,2021-11-11 18:32:58,6.7989,81.4808,77.92,94,58,2.57
300,Dunda,TZ,2021-11-11 18:32:59,-8.1167,34.25,76.96,34,49,5.14
301,Chumikan,RU,2021-11-11 18:32:59,54.7183,135.315,24.24,93,100,10.96
302,Saint-Andre-Avellin,CA,2021-11-11 18:32:59,45.7168,-75.066,45.72,62,100,10.78
303,Mount Pleasant,US,2021-11-11 18:30:56,32.7941,-79.8626,79.3,74,90,5.01
304,Malakal,SS,2021-11-11 18:33:00,9.5334,31.6605,78.66,62,49,1.48
305,Fukue,JP,2021-11-11 18:33:00,32.6881,128.8419,60.24,50,100,27.42
306,Jining,CN,2021-11-11 18:33:00,35.405,116.5814,43.36,61,0,2.59
307,Verkhnetulomskiy,RU,2021-11-11 18:33:01,68.6073,31.7962,30.33,97,74,3.27
308,Henties Bay,NA,2021-11-11 18:33:02,-22.116,14.2845,59.86,84,0,3.38
309,Vila Franca Do Campo,PT,2021-11-11 18:33:02,37.7167,-25.4333,70.21,87,52,9.98
310,Barentu,ER,2021-11-11 18:33:02,15.1139,37.5928,80.98,30,7,7.0
311,Gurupa,BR,2021-11-11 18:33:03,-1.405,-51.64,93.38,38,78,6.17
312,Laje,BR,2021-11-11 18:33:03,-10.1833,-40.9667,85.91,39,79,9.93
313,Hibbing,US,2021-11-11 18:33:04,47.4272,-92.9377,35.1,93,90,6.91
314,Veraval,IN,2021-11-11 18:33:04,20.9,70.3667,77.72,39,8,10.54
315,Jega,NG,2021-11-11 18:33:05,12.2175,4.3792,86.49,26,11,1.9
316,Mikhaylovskoye,RU,2021-11-11 18:33:05,51.8239,79.7172,33.1,48,100,7.18
317,Namatanai,PG,2021-11-11 18:30:11,-3.6667,152.4333,79.18,84,62,4.85
318,Elesbao Veloso,BR,2021-11-11 18:33:05,-6.2019,-42.1403,92.68,36,51,5.61
319,Sola,VU,2021-11-11 18:31:19,-13.8833,167.55,77.67,100,75,0.0
320,Pacific Grove,US,2021-11-11 18:33:06,36.6177,-121.9166,72.1,72,1,3.0
321,Ostersund,SE,2021-11-11 18:33:07,63.1792,14.6357,37.85,87,75,27.63
322,Erzurum,TR,2021-11-11 18:33:07,40.0,41.5,33.48,66,6,3.6
323,Saint-Pierre,RE,2021-11-11 18:34:07,-21.3393,55.4781,74.88,70,40,4.61
324,Tuatapere,NZ,2021-11-11 18:34:08,-46.1333,167.6833,57.4,95,100,5.7
325,Terrace,CA,2021-11-11 18:31:06,54.5163,-128.6035,37.31,100,90,3.44
326,Newport,GB,2021-11-11 18:34:08,51.5877,-2.9984,54.86,84,25,14.18
327,Luderitz,NA,2021-11-11 18:34:08,-26.6481,15.1594,69.64,51,0,19.95
328,Santa Cruz Del Sur,CU,2021-11-11 18:34:09,20.7147,-77.9956,83.26,64,100,5.97
329,Oistins,BB,2021-11-11 18:29:23,13.0667,-59.5333,78.89,78,75,21.85
330,Deniliquin,AU,2021-11-11 18:34:09,-35.5333,144.9667,51.01,90,100,11.52
331,College,US,2021-11-11 18:34:09,64.8569,-147.8028,6.21,77,90,0.0
332,Chikola,RU,2021-11-11 18:34:10,43.1906,43.9209,31.91,84,15,2.71
333,Mazagao,BR,2021-11-11 18:34:10,-0.115,-51.2894,93.25,46,40,7.4
334,Baft,IR,2021-11-11 18:34:10,29.234,56.6057,46.89,48,0,5.59
335,Cochrane,CA,2021-11-11 18:30:53,51.1834,-114.4687,37.71,39,40,10.36
336,Mayfield Heights,US,2021-11-11 18:34:11,41.5192,-81.4579,68.11,47,1,9.22
337,Tecoanapa,MX,2021-11-11 18:34:11,16.5167,-98.75,82.38,64,1,7.09
338,Qaqortoq,GL,2021-11-11 18:34:11,60.7167,-46.0333,25.3,55,100,2.59
339,Pozo Colorado,PY,2021-11-11 18:34:12,-23.4923,-58.7972,92.25,39,63,4.5
340,Vilyuysk,RU,2021-11-11 18:34:12,63.7553,121.6247,9.84,92,100,9.42
341,Bilma,NE,2021-11-11 18:34:12,18.6853,12.9164,82.31,12,0,8.03
342,Qasigiannguit,GL,2021-11-11 18:34:13,68.8193,-51.1922,12.45,96,100,2.55
343,Nanortalik,GL,2021-11-11 18:34:13,60.1432,-45.2371,27.57,63,100,4.85
344,Bambous Virieux,MU,2021-11-11 18:34:13,-20.3428,57.7575,76.21,78,75,4.61
345,Pine Bluff,US,2021-11-11 18:34:14,34.2284,-92.0032,66.13,52,20,11.01
346,Adrar,MR,2021-11-11 18:34:14,20.5022,-10.0711,77.16,14,100,8.39
347,Okhotsk,RU,2021-11-11 18:34:14,59.3833,143.3,32.29,97,100,19.33
348,Mogzon,RU,2021-11-11 18:34:15,51.7435,111.9606,22.48,68,100,6.26
349,Furano,JP,2021-11-11 18:34:15,43.2818,142.4743,36.0,99,100,4.0
350,Deputatskiy,RU,2021-11-11 18:34:15,69.3,139.9,-5.04,100,100,0.87
351,Yatou,CN,2021-11-11 18:34:16,37.15,122.3833,41.41,57,98,9.55
352,Aloleng,PH,2021-11-11 18:34:16,16.1307,119.7824,80.38,73,100,7.23
353,Saint-Raphael,HT,2021-11-11 18:34:16,19.4333,-72.2,84.83,53,90,6.42
354,Berlevag,NO,2021-11-11 18:34:17,70.8578,29.0864,35.55,69,75,21.85
355,Faya,SA,2021-11-11 18:34:17,18.3851,42.4509,59.11,69,1,3.24
356,Road Town,VG,2021-11-11 18:34:17,18.4167,-64.6167,86.09,70,20,14.97
357,Mazkeret Batya,IL,2021-11-11 18:34:17,31.8539,34.8386,68.22,61,0,4.61
358,Jinka,ET,2021-11-11 18:34:18,5.65,36.65,72.21,50,100,2.13
359,Boulder City,US,2021-11-11 18:34:04,35.9786,-114.8325,71.28,23,1,9.22
360,Harnosand,SE,2021-11-11 18:34:18,62.6323,17.9379,39.99,72,7,16.71
361,La Ronge,CA,2021-11-11 18:34:19,55.1001,-105.2842,26.85,74,90,9.22
362,Panguna,PG,2021-11-11 18:34:19,-6.3164,155.4848,68.4,96,100,1.3
363,Jalu,LY,2021-11-11 18:34:19,29.0331,21.5482,70.12,44,0,9.15
364,Malartic,CA,2021-11-11 18:34:20,48.1335,-78.1328,36.01,73,100,9.69
365,Wegrow,PL,2021-11-11 18:34:20,52.3995,22.0163,44.6,85,100,7.96
366,Mahanoro,MG,2021-11-11 18:34:20,-19.9,48.8,75.06,90,33,7.7
367,Noyabrsk,RU,2021-11-11 18:32:10,63.1994,75.4507,-0.83,98,81,11.77
368,Sao Felix Do Xingu,BR,2021-11-11 18:34:21,-6.6447,-51.995,83.26,67,100,1.52
369,Oranjemund,NA,2021-11-11 18:35:21,-28.55,16.4333,61.93,82,0,19.22
370,Shumskiy,RU,2021-11-11 18:35:21,54.8318,99.1328,33.55,92,100,4.32
371,Peniche,PT,2021-11-11 18:35:22,39.3558,-9.3811,60.62,90,0,9.86
372,Ilorin,NG,2021-11-11 18:35:22,8.5,4.55,84.65,54,44,5.82
373,Antofagasta,CL,2021-11-11 18:31:53,-23.65,-70.4,69.22,57,7,9.33
374,Maceio,BR,2021-11-11 18:35:22,-9.6658,-35.7353,85.44,65,40,13.8
375,Sterling,US,2021-11-11 18:31:51,39.0062,-77.4286,68.83,72,75,1.99
376,Nome,US,2021-11-11 18:35:22,64.5011,-165.4064,8.67,78,90,0.0
377,Jakar,BT,2021-11-11 18:35:23,27.5492,90.7525,37.53,83,6,3.13
378,Kokkola,FI,2021-11-11 18:35:23,63.8385,23.1307,41.04,89,75,3.0
379,Mikropolis,GR,2021-11-11 18:35:23,41.1935,23.8157,49.93,75,100,0.34
380,Ekhabi,RU,2021-11-11 18:35:24,53.5102,142.9671,38.8,90,100,13.11
381,Aswan,EG,2021-11-11 18:35:24,24.0934,32.907,81.7,17,0,6.91
382,Azare,NG,2021-11-11 18:35:24,11.6765,10.1948,83.62,16,100,6.2
383,Bull Savanna,JM,2021-11-11 18:35:25,17.8868,-77.5902,82.76,66,22,14.32
384,Praia Da Vitoria,PT,2021-11-11 18:35:25,38.7333,-27.0667,71.85,83,20,10.87
385,Eydhafushi,MV,2021-11-11 18:35:25,5.1033,73.0708,82.13,79,5,19.95
386,Walvis Bay,NA,2021-11-11 18:31:23,-22.9575,14.5053,60.1,84,0,5.95
387,Morgan City,US,2021-11-11 18:35:25,29.6994,-91.2068,78.01,68,90,6.91
388,Turan,VN,2021-11-11 18:35:26,16.0678,108.2208,71.58,88,75,1.14
389,Matara,LK,2021-11-11 18:35:26,5.9485,80.5353,77.79,89,70,12.1
390,Reserva,BR,2021-11-11 18:35:26,-24.6503,-50.8506,65.97,74,58,6.06
391,Mackay,AU,2021-11-11 18:31:06,-21.15,149.2,80.58,89,40,13.8
392,Lagos,NG,2021-11-11 18:35:27,6.5833,3.75,73.72,91,41,4.74
393,Muscat,OM,2021-11-11 18:35:27,23.6139,58.5922,78.82,53,0,4.34
394,Iisalmi,FI,2021-11-11 18:35:27,63.5592,27.1907,37.42,85,100,6.87
395,Port Hedland,AU,2021-11-11 18:35:27,-20.3167,118.5667,68.05,73,0,4.61
396,Gao,ML,2021-11-11 18:35:28,16.6362,1.637,84.27,14,17,9.37
397,Camopi,GF,2021-11-11 18:35:28,3.1655,-52.3158,82.58,78,36,3.09
398,Kuito,AO,2021-11-11 18:35:28,-12.3833,16.9333,63.25,76,100,2.15
399,Sayyan,YE,2021-11-11 18:35:29,15.1718,44.3244,54.19,34,0,4.9
400,Chontalpa,MX,2021-11-11 18:35:29,17.7,-93.5167,81.23,64,0,1.23
401,Chopovychi,UA,2021-11-11 18:35:29,50.8332,28.9533,36.99,52,100,8.79
402,Tautira,PF,2021-11-11 18:33:39,-17.7333,-149.15,82.42,76,46,14.32
403,Barinas,VE,2021-11-11 18:35:29,8.6226,-70.2075,87.49,36,24,7.4
404,Zaraza,VE,2021-11-11 18:35:30,9.3503,-65.3245,97.07,27,92,6.46
405,Grants Pass,US,2021-11-11 18:34:04,42.439,-123.3284,62.37,83,75,1.99
406,Anupgarh,IN,2021-11-11 18:35:30,29.1911,73.2086,72.54,21,0,2.89
407,Longyearbyen,SJ,2021-11-11 18:35:30,78.2186,15.6401,6.64,61,40,9.22
408,Sisimiut,GL,2021-11-11 18:35:31,66.9395,-53.6735,12.99,85,67,8.7
409,Fukuchiyama,JP,2021-11-11 18:35:31,35.3,135.1167,50.5,88,69,4.0
410,Muisne,EC,2021-11-11 18:35:31,0.6,-80.0333,82.51,77,96,8.59
411,Rong Kwang,TH,2021-11-11 18:35:31,18.339,100.3174,74.01,97,100,1.5
412,Chegdomyn,RU,2021-11-11 18:35:32,51.1167,133.0167,18.03,97,97,1.1
413,Ilulissat,GL,2021-11-11 18:35:32,69.2167,-51.1,12.22,62,40,9.22
414,Beloha,MG,2021-11-11 18:35:32,-25.1667,45.05,69.37,75,73,9.24
415,Hami,CN,2021-11-11 18:35:33,42.8,93.45,28.42,51,74,1.68
416,Hithadhoo,MV,2021-11-11 18:36:33,-0.6,73.0833,82.71,75,51,18.81
417,Coquimbo,CL,2021-11-11 18:33:05,-29.9533,-71.3436,58.73,82,90,11.5
418,Muroto,JP,2021-11-11 18:36:33,33.2833,134.15,60.85,64,6,23.17
419,Hambantota,LK,2021-11-11 18:36:33,6.1241,81.1185,79.14,100,20,8.05
420,Mocuba,MZ,2021-11-11 18:36:34,-16.8392,36.9856,75.79,85,96,4.74
421,Karratha,AU,2021-11-11 18:36:34,-20.7377,116.8463,74.28,53,78,5.91
422,Naifaru,MV,2021-11-11 18:36:34,5.4444,73.3657,82.15,77,4,20.56
423,Segezha,RU,2021-11-11 18:36:35,63.7415,34.3222,34.7,88,99,11.68
424,Saint Anthony,US,2021-11-11 18:36:35,45.0205,-93.218,41.14,76,90,7.0
425,Karakol,KG,2021-11-11 18:36:35,42.4907,78.3936,29.59,55,2,6.87
426,Kharp,RU,2021-11-11 18:33:10,66.8014,65.8081,10.33,98,100,4.38
427,Kushmurun,KZ,2021-11-11 18:36:36,52.4503,64.6311,28.35,95,100,13.29
428,North Bend,US,2021-11-11 18:34:13,43.4065,-124.2243,64.92,98,90,5.75
429,Katobu,ID,2021-11-11 18:36:36,-4.9408,122.5276,76.59,91,100,0.47
430,Lazaro Cardenas,MX,2021-11-11 18:36:36,17.9583,-102.2,83.19,67,93,7.58
431,Makakilo City,US,2021-11-11 18:36:37,21.3469,-158.0858,78.62,71,1,0.0
432,Trinidad,BO,2021-11-11 18:36:37,-14.8333,-64.9,87.78,62,75,13.8
433,Cervo,ES,2021-11-11 18:36:37,43.6702,-7.4101,52.97,79,8,4.23
434,Longhua,CN,2021-11-11 18:36:38,23.6137,114.1919,61.11,61,93,2.82
435,Rawlins,US,2021-11-11 18:36:17,41.7911,-107.2387,40.35,50,1,29.93
436,Bandarbeyla,SO,2021-11-11 18:36:38,9.4942,50.8122,79.05,79,91,16.31
437,Eyl,SO,2021-11-11 18:36:38,7.9803,49.8164,79.34,78,100,14.27
438,Mandalgovi,MN,2021-11-11 18:36:38,45.7625,106.2708,25.34,57,7,9.46
439,Ambilobe,MG,2021-11-11 18:33:35,-13.2,49.05,77.0,81,100,4.61
440,Cheremkhovo,RU,2021-11-11 18:36:39,53.1561,103.0675,25.92,67,100,2.77
441,Kudahuvadhoo,MV,2021-11-11 18:36:39,2.6708,72.8944,82.78,76,30,20.69
442,Buraydah,SA,2021-11-11 18:36:39,26.326,43.975,72.05,23,81,8.99
443,Port Keats,AU,2021-11-11 18:36:40,-14.25,129.55,83.07,76,100,7.49
444,Svetlyy,RU,2021-11-11 18:36:40,54.675,20.1347,44.96,89,100,15.23
445,Mitu,CO,2021-11-11 18:36:40,1.1983,-70.1733,84.54,62,100,3.4
446,Dalvik,IS,2021-11-11 18:36:40,65.9702,-18.5286,13.93,71,38,10.78
447,Esmeraldas,BR,2021-11-11 18:35:51,-19.7625,-44.3139,68.31,97,100,4.68
448,Beisfjord,NO,2021-11-11 18:36:41,68.3751,17.5988,40.24,98,100,0.51
449,Gweta,BW,2021-11-11 18:36:41,-20.1833,25.2333,82.62,38,95,11.43
450,Lodja,CD,2021-11-11 18:36:41,-3.4833,23.4333,71.31,94,76,1.07
451,Lensk,RU,2021-11-11 18:33:10,60.7253,114.9278,25.43,90,100,10.58
452,Prince Rupert,CA,2021-11-11 18:36:42,54.3161,-130.3201,47.89,72,90,13.8
453,Peterhead,GB,2021-11-11 18:36:42,57.5058,-1.7981,49.1,87,91,21.14
454,Andenes,NO,2021-11-11 18:36:42,69.3143,16.1194,37.38,87,0,4.61
455,Cabinda,AO,2021-11-11 18:36:43,-5.55,12.2,77.74,83,87,8.7
456,Cockburn Town,TC,2021-11-11 18:36:43,21.4612,-71.1419,82.33,72,57,18.19
457,Maryborough,AU,2021-11-11 18:36:43,-25.5333,152.7,73.99,92,100,11.25
458,Abrau-Dyurso,RU,2021-11-11 18:36:44,44.69,37.59,31.46,73,10,3.78
459,Rio Gallegos,AR,2021-11-11 18:32:28,-51.6226,-69.2181,62.65,20,20,20.71
460,Vila Velha,BR,2021-11-11 18:36:44,-20.3297,-40.2925,71.55,96,90,11.01
461,Pandan,PH,2021-11-11 18:36:44,14.0453,124.1694,79.61,88,100,11.52
462,Inhambane,MZ,2021-11-11 18:37:14,-23.865,35.3833,75.18,83,40,5.75
463,Cayenne,GF,2021-11-11 18:37:44,4.9333,-52.3333,84.24,78,75,4.0
464,Ixtapa,MX,2021-11-11 18:37:45,20.7,-105.2,83.43,58,1,0.0
465,Podstepki,RU,2021-11-11 18:37:45,53.5151,49.1355,30.85,49,100,18.63
466,Calama,CL,2021-11-11 18:37:45,-22.4667,-68.9333,75.69,7,2,19.57
467,Faanui,PF,2021-11-11 18:37:46,-16.4833,-151.75,79.34,73,65,14.63
468,Hwange,ZW,2021-11-11 18:37:46,-18.3693,26.5019,78.78,46,100,1.99
469,Topchikha,RU,2021-11-11 18:37:46,52.8192,83.1185,32.58,68,100,12.66
470,Tiznit,MA,2021-11-11 18:37:47,29.5833,-9.5,58.24,51,93,2.06
471,Little Current,CA,2021-11-11 18:37:47,45.9793,-81.9248,50.09,65,100,29.24
472,Simbahan,PH,2021-11-11 18:37:47,6.3032,120.5836,81.25,81,100,9.73
473,Torbay,CA,2021-11-11 18:37:47,47.6666,-52.7314,39.58,92,90,19.57
474,Talnakh,RU,2021-11-11 18:37:48,69.4865,88.3972,-8.68,97,100,8.19
475,Nhulunbuy,AU,2021-11-11 18:37:48,-12.2333,136.7667,83.01,83,40,8.05
476,Amur,RU,2021-11-11 18:35:34,54.0,128.0,14.92,67,100,4.99
477,Takab,IR,2021-11-11 18:37:48,36.4009,47.1133,34.77,92,100,7.9
478,Port Blair,IN,2021-11-11 18:37:49,11.6667,92.75,81.32,80,24,9.66
479,Alice Springs,AU,2021-11-11 18:37:46,-23.7,133.8833,53.15,82,0,9.22
480,Diamantino,BR,2021-11-11 18:33:22,-14.4086,-56.4461,82.33,77,99,6.46
481,San Rafael Del Sur,NI,2021-11-11 18:37:49,11.8485,-86.4384,85.17,58,3,8.77
482,Villazon,BO,2021-11-11 18:37:49,-22.0866,-65.5942,69.98,17,9,18.39
483,Auki,SB,2021-11-11 18:37:50,-8.7676,160.7034,77.76,88,48,4.5
484,Petropavlivka,UA,2021-11-11 18:37:50,48.4564,36.4367,34.59,61,100,7.34
485,Port-Gentil,GA,2021-11-11 18:37:50,-0.7193,8.7815,78.76,89,40,9.22
486,Edson,CA,2021-11-11 18:37:50,53.5835,-116.4356,24.94,54,1,2.3
487,Tambura,SS,2021-11-11 18:37:51,5.6,27.4667,70.77,91,100,3.11
488,Anadyr,RU,2021-11-11 18:37:51,64.75,177.4833,1.9,92,0,6.71
489,Khandyga,RU,2021-11-11 18:37:51,62.6667,135.6,10.96,97,100,2.53
490,Hervey Bay,AU,2021-11-11 18:37:51,-25.2986,152.8535,76.03,89,100,20.58
491,Pochutla,MX,2021-11-11 18:37:52,15.7432,-96.4661,87.82,41,1,7.61
492,Qitaihe,CN,2021-11-11 18:37:52,45.8,130.85,26.53,78,100,14.27
493,Novyy Urengoy,RU,2021-11-11 18:37:52,66.0833,76.6333,7.65,83,100,14.88
494,Mehamn,NO,2021-11-11 18:37:53,71.0357,27.8492,37.58,80,99,17.43
495,Verkhoshizhemye,RU,2021-11-11 18:37:53,58.011,49.1038,33.24,95,100,12.57
496,Batemans Bay,AU,2021-11-11 18:37:53,-35.7167,150.1833,55.2,96,100,2.44
497,Manado,ID,2021-11-11 18:37:54,1.487,124.8455,75.97,94,40,0.0
498,Illapel,CL,2021-11-11 18:37:54,-31.6308,-71.1653,76.42,37,0,9.35
499,Corvallis,US,2021-11-11 18:37:54,44.5646,-123.262,62.53,85,90,5.99
500,Nishihara,JP,2021-11-11 18:37:55,26.1842,127.7558,67.28,52,40,10.36
501,Vanimo,PG,2021-11-11 18:37:55,-2.6741,141.3028,77.32,90,80,4.29
502,San Fernando,PH,2021-11-11 18:37:55,15.0286,120.6898,82.15,81,26,3.44
503,Molango,MX,2021-11-11 18:37:56,20.7833,-98.7167,69.94,43,1,6.8
504,Tabou,CI,2021-11-11 18:37:56,4.423,-7.3528,78.55,87,83,5.37
505,Esna,EG,2021-11-11 18:37:56,25.2934,32.554,73.42,22,100,9.1
506,The Valley,AI,2021-11-11 18:37:57,18.217,-63.0578,87.66,66,40,16.11
507,Rovaniemi,FI,2021-11-11 18:37:57,66.5,25.7167,31.41,100,90,6.91
508,Sakakah,SA,2021-11-11 18:38:57,29.9697,40.2064,62.17,20,17,8.1
509,Nalut,LY,2021-11-11 18:38:57,30.3333,10.85,59.94,35,1,7.63
510,Yuancheng,CN,2021-11-11 18:38:58,36.652,107.7896,32.14,35,0,4.18
511,Odweyne,SO,2021-11-11 18:38:58,9.4092,45.064,70.7,52,100,4.81
512,Kiama,AU,2021-11-11 18:38:58,-34.6833,150.8667,57.99,94,100,5.75
513,Inta,RU,2021-11-11 18:38:59,66.0317,60.1659,15.26,83,100,8.03
514,Beysehir,TR,2021-11-11 18:38:59,37.6773,31.7246,37.63,54,0,5.64
515,Nurlat,RU,2021-11-11 18:38:59,54.4277,50.8051,28.4,94,100,17.0
516,Muswellbrook,AU,2021-11-11 18:39:00,-32.2667,150.9,58.33,98,100,2.84
517,Novaya Lyada,RU,2021-11-11 18:39:00,52.7131,41.6387,32.11,54,100,12.55
518,Boa Vista,BR,2021-11-11 18:39:00,2.8197,-60.6733,91.38,46,75,13.8
519,Kesztolc,HU,2021-11-11 18:39:01,47.7127,18.8018,43.92,73,7,2.39
520,Yar-Sale,RU,2021-11-11 18:37:13,66.8333,70.8333,14.22,87,99,17.98
521,Dawei,MM,2021-11-11 18:39:02,14.0833,98.2,73.44,84,96,4.56
522,Ulagan,RU,2021-11-11 18:39:02,50.6321,87.9563,15.4,75,95,2.46
523,Constitucion,CL,2021-11-11 18:37:18,-35.3333,-72.4167,61.66,66,100,7.81
524,Tambopata,PE,2021-11-11 18:39:02,-12.7333,-69.1833,93.09,52,40,6.91
525,Luwuk,ID,2021-11-11 18:39:03,-0.9516,122.7875,78.44,83,100,2.08
526,Alyangula,AU,2021-11-11 18:39:03,-13.8483,136.4192,84.07,79,40,10.36
527,Beidao,CN,2021-11-11 18:39:03,34.5686,105.8933,35.51,44,1,1.28
528,Illela,NG,2021-11-11 18:39:03,13.7292,5.2975,85.86,18,75,3.22
529,Lingao,CN,2021-11-11 18:39:04,19.9103,109.6859,71.28,82,100,10.22
530,Kargil,IN,2021-11-11 18:39:04,34.5667,76.1,19.58,53,0,2.77
531,Leua,SK,2021-11-11 18:39:04,48.2156,18.6071,44.49,74,6,3.22
532,Digby,CA,2021-11-11 18:39:04,44.6169,-65.7655,46.58,58,7,10.65
533,Great Falls,US,2021-11-11 18:39:05,47.5002,-111.3008,41.92,44,90,5.01
534,Bereda,ES,2021-11-11 18:39:05,43.2686,-7.5406,48.92,100,5,2.57
535,Zeya,RU,2021-11-11 18:39:05,53.75,127.2667,18.46,66,96,3.85
536,Usinsk,RU,2021-11-11 18:39:06,65.9939,57.5281,18.46,92,100,13.35
537,Mareeba,AU,2021-11-11 18:39:06,-17.0,145.4333,75.92,98,39,0.45
538,Holme,DK,2021-11-11 18:39:06,56.1138,10.1725,47.75,89,98,9.33
539,High Level,CA,2021-11-11 18:39:06,58.5169,-117.136,23.11,100,90,9.22
540,Port Lincoln,AU,2021-11-11 18:39:07,-34.7333,135.8667,54.18,73,100,19.06
541,Leningradskiy,RU,2021-11-11 18:39:07,69.3833,178.4167,-6.77,97,40,4.9
542,Fuxin,CN,2021-11-11 18:39:07,42.0156,121.6589,27.12,75,8,3.83
543,Conde,BR,2021-11-11 18:37:15,-7.2597,-34.9075,85.46,66,75,14.97
544,Ahuimanu,US,2021-11-11 18:39:08,21.4447,-157.8378,79.79,68,1,8.05
545,Quesnel,CA,2021-11-11 18:34:53,52.9999,-122.5029,34.3,86,1,4.61
546,Calatayud,ES,2021-11-11 18:39:08,41.3535,-1.6432,63.18,72,21,2.82
547,Brookhaven,US,2021-11-11 18:39:08,31.5791,-90.4407,70.75,76,97,7.94
548,Dumas,US,2021-11-11 18:39:09,35.8656,-101.9732,54.75,37,1,0.0
549,Jumla,NP,2021-11-11 18:39:09,29.2747,82.1838,43.32,54,5,4.74
550,Stromness,GB,2021-11-11 18:39:09,58.965,-3.296,50.25,82,100,18.01
551,Mazatlan,MX,2021-11-11 18:39:09,23.2167,-106.4167,85.96,62,40,0.0
552,Roma,US,2021-11-11 18:39:10,43.2128,-75.4557,58.12,55,40,9.22
553,Altay,CN,2021-11-11 18:40:10,47.8667,88.1167,23.11,47,0,7.99
554,Broadstairs,GB,2021-11-11 18:40:10,51.3591,1.4394,55.15,84,39,3.0
555,Ayan,RU,2021-11-11 18:40:10,56.45,138.1667,29.17,96,100,14.52
556,Hualmay,PE,2021-11-11 18:40:11,-11.0964,-77.6139,69.24,70,43,10.27
557,Cam Ranh,VN,2021-11-11 18:40:11,11.9214,109.1591,75.16,94,75,6.91
558,Maumere,ID,2021-11-11 18:40:11,-8.6199,122.2111,80.76,83,96,6.78
559,Araruama,BR,2021-11-11 18:40:12,-22.8728,-42.3431,73.35,90,100,5.06
560,Pedernales,DO,2021-11-11 18:40:12,18.0384,-71.744,87.42,57,88,3.8
561,Ambon,ID,2021-11-11 18:40:12,-3.6954,128.1814,81.7,79,52,2.84
562,Cabedelo,BR,2021-11-11 18:40:13,-6.9811,-34.8339,86.67,71,34,13.82
563,Najran,SA,2021-11-11 18:40:13,17.4924,44.1277,68.65,27,0,2.01
564,Inuvik,CA,2021-11-11 18:40:13,68.3499,-133.7218,13.21,88,75,2.3
565,Charters Towers,AU,2021-11-11 18:40:13,-20.1,146.2667,75.97,77,100,10.51
566,Koulamoutou,GA,2021-11-11 18:40:14,-1.1303,12.4736,73.53,93,96,1.92
567,Honiara,SB,2021-11-11 18:40:14,-9.4333,159.95,78.57,86,86,5.41
568,Humaita,BR,2021-11-11 18:40:14,-7.5061,-63.0208,92.61,46,91,3.09
569,Olot,ES,2021-11-11 18:40:15,42.181,2.4901,58.3,94,100,5.08
570,Saumur,FR,2021-11-11 18:40:15,47.3333,-0.25,46.83,84,28,5.06
571,Dukat,RU,2021-11-11 18:40:16,62.55,155.55,20.66,95,100,4.81
572,De-Kastri,RU,2021-11-11 18:40:16,51.4667,140.7833,27.75,93,100,6.89
573,Bambanglipuro,ID,2021-11-11 18:40:16,-7.95,110.2833,75.4,93,100,2.71
574,Vao,NC,2021-11-11 18:40:17,-22.6667,167.4833,73.94,82,81,11.34
575,Xiaoshi,CN,2021-11-11 18:40:17,41.2971,124.1209,12.22,97,24,2.55
576,Xuddur,SO,2021-11-11 18:40:17,4.1213,43.8894,82.06,45,100,10.09
577,Nouakchott,MR,2021-11-11 18:40:18,18.0858,-15.9785,85.93,68,100,13.13
578,Lukaya,UG,2021-11-11 18:40:18,-0.1489,31.8748,75.25,87,94,5.5
579,Presidencia Roque Saenz Pena,AR,2021-11-11 18:40:18,-26.7852,-60.4388,92.86,23,0,9.55
580,Lakselv,NO,2021-11-11 18:40:18,70.0513,24.9718,30.02,93,75,2.3
581,Kirakira,SB,2021-11-11 18:38:26,-10.4544,161.9205,80.51,85,31,7.43
582,Gizo,SB,2021-11-11 18:40:19,-8.103,156.8419,82.36,78,97,6.11
583,Narasannapeta,IN,2021-11-11 18:40:19,18.4167,84.05,73.96,93,97,8.59
584,Mawlaik,MM,2021-11-11 18:40:20,23.6333,94.4167,72.61,87,95,0.72
585,Kem,RU,2021-11-11 18:40:20,64.9555,34.5793,34.25,87,100,12.71
586,Trairi,BR,2021-11-11 18:39:21,-3.2778,-39.2689,84.85,66,5,14.32
587,Yulara,AU,2021-11-11 18:40:20,-25.2406,130.9889,51.64,76,0,6.91
